"KEGG","Description"
"ath01100","Metabolic pathways - Arabidopsis thaliana (thale cress)"
"ath01110","Biosynthesis of secondary metabolites - Arabidopsis thaliana (thale cress)"
"ath01200","Carbon metabolism - Arabidopsis thaliana (thale cress)"
"ath01210","2-Oxocarboxylic acid metabolism - Arabidopsis thaliana (thale cress)"
"ath01212","Fatty acid metabolism - Arabidopsis thaliana (thale cress)"
"ath01230","Biosynthesis of amino acids - Arabidopsis thaliana (thale cress)"
"ath01232","Nucleotide metabolism - Arabidopsis thaliana (thale cress)"
"ath01250","Biosynthesis of nucleotide sugars - Arabidopsis thaliana (thale cress)"
"ath01240","Biosynthesis of cofactors - Arabidopsis thaliana (thale cress)"
"ath01310","Nitrogen cycle - Arabidopsis thaliana (thale cress)"
"ath01320","Sulfur cycle - Arabidopsis thaliana (thale cress)"
"ath00010","Glycolysis / Gluconeogenesis - Arabidopsis thaliana (thale cress)"
"ath00020","Citrate cycle (TCA cycle) - Arabidopsis thaliana (thale cress)"
"ath00030","Pentose phosphate pathway - Arabidopsis thaliana (thale cress)"
"ath00040","Pentose and glucuronate interconversions - Arabidopsis thaliana (thale cress)"
"ath00051","Fructose and mannose metabolism - Arabidopsis thaliana (thale cress)"
"ath00052","Galactose metabolism - Arabidopsis thaliana (thale cress)"
"ath00053","Ascorbate and aldarate metabolism - Arabidopsis thaliana (thale cress)"
"ath00500","Starch and sucrose metabolism - Arabidopsis thaliana (thale cress)"
"ath00620","Pyruvate metabolism - Arabidopsis thaliana (thale cress)"
"ath00630","Glyoxylate and dicarboxylate metabolism - Arabidopsis thaliana (thale cress)"
"ath00640","Propanoate metabolism - Arabidopsis thaliana (thale cress)"
"ath00650","Butanoate metabolism - Arabidopsis thaliana (thale cress)"
"ath00660","C5-Branched dibasic acid metabolism - Arabidopsis thaliana (thale cress)"
"ath00562","Inositol phosphate metabolism - Arabidopsis thaliana (thale cress)"
"ath00566","Sulfoquinovose metabolism - Arabidopsis thaliana (thale cress)"
"ath00190","Oxidative phosphorylation - Arabidopsis thaliana (thale cress)"
"ath00195","Photosynthesis - Arabidopsis thaliana (thale cress)"
"ath00196","Photosynthesis - antenna proteins - Arabidopsis thaliana (thale cress)"
"ath00710","Carbon fixation by Calvin cycle - Arabidopsis thaliana (thale cress)"
"ath00910","Nitrogen metabolism - Arabidopsis thaliana (thale cress)"
"ath00920","Sulfur metabolism - Arabidopsis thaliana (thale cress)"
"ath00061","Fatty acid biosynthesis - Arabidopsis thaliana (thale cress)"
"ath00062","Fatty acid elongation - Arabidopsis thaliana (thale cress)"
"ath00071","Fatty acid degradation - Arabidopsis thaliana (thale cress)"
"ath00073","Cutin, suberine and wax biosynthesis - Arabidopsis thaliana (thale cress)"
"ath00100","Steroid biosynthesis - Arabidopsis thaliana (thale cress)"
"ath00561","Glycerolipid metabolism - Arabidopsis thaliana (thale cress)"
"ath00564","Glycerophospholipid metabolism - Arabidopsis thaliana (thale cress)"
"ath00565","Ether lipid metabolism - Arabidopsis thaliana (thale cress)"
"ath00600","Sphingolipid metabolism - Arabidopsis thaliana (thale cress)"
"ath00590","Arachidonic acid metabolism - Arabidopsis thaliana (thale cress)"
"ath00591","Linoleic acid metabolism - Arabidopsis thaliana (thale cress)"
"ath00592","alpha-Linolenic acid metabolism - Arabidopsis thaliana (thale cress)"
"ath01040","Biosynthesis of unsaturated fatty acids - Arabidopsis thaliana (thale cress)"
"ath00230","Purine metabolism - Arabidopsis thaliana (thale cress)"
"ath00240","Pyrimidine metabolism - Arabidopsis thaliana (thale cress)"
"ath00250","Alanine, aspartate and glutamate metabolism - Arabidopsis thaliana (thale cress)"
"ath00260","Glycine, serine and threonine metabolism - Arabidopsis thaliana (thale cress)"
"ath00270","Cysteine and methionine metabolism - Arabidopsis thaliana (thale cress)"
"ath00280","Valine, leucine and isoleucine degradation - Arabidopsis thaliana (thale cress)"
"ath00290","Valine, leucine and isoleucine biosynthesis - Arabidopsis thaliana (thale cress)"
"ath00300","Lysine biosynthesis - Arabidopsis thaliana (thale cress)"
"ath00310","Lysine degradation - Arabidopsis thaliana (thale cress)"
"ath00220","Arginine biosynthesis - Arabidopsis thaliana (thale cress)"
"ath00330","Arginine and proline metabolism - Arabidopsis thaliana (thale cress)"
"ath00340","Histidine metabolism - Arabidopsis thaliana (thale cress)"
"ath00350","Tyrosine metabolism - Arabidopsis thaliana (thale cress)"
"ath00360","Phenylalanine metabolism - Arabidopsis thaliana (thale cress)"
"ath00380","Tryptophan metabolism - Arabidopsis thaliana (thale cress)"
"ath00400","Phenylalanine, tyrosine and tryptophan biosynthesis - Arabidopsis thaliana (thale cress)"
"ath00410","beta-Alanine metabolism - Arabidopsis thaliana (thale cress)"
"ath00430","Taurine and hypotaurine metabolism - Arabidopsis thaliana (thale cress)"
"ath00440","Phosphonate and phosphinate metabolism - Arabidopsis thaliana (thale cress)"
"ath00450","Selenocompound metabolism - Arabidopsis thaliana (thale cress)"
"ath00460","Cyanoamino acid metabolism - Arabidopsis thaliana (thale cress)"
"ath00470","D-Amino acid metabolism - Arabidopsis thaliana (thale cress)"
"ath00480","Glutathione metabolism - Arabidopsis thaliana (thale cress)"
"ath00520","Amino sugar and nucleotide sugar metabolism - Arabidopsis thaliana (thale cress)"
"ath00541","Biosynthesis of various nucleotide sugars - Arabidopsis thaliana (thale cress)"
"ath00510","N-Glycan biosynthesis - Arabidopsis thaliana (thale cress)"
"ath00513","Various types of N-glycan biosynthesis - Arabidopsis thaliana (thale cress)"
"ath00514","Other types of O-glycan biosynthesis - Arabidopsis thaliana (thale cress)"
"ath00531","Glycosaminoglycan degradation - Arabidopsis thaliana (thale cress)"
"ath00563","Glycosylphosphatidylinositol (GPI)-anchor biosynthesis - Arabidopsis thaliana (thale cress)"
"ath00601","Glycosphingolipid biosynthesis - lacto and neolacto series - Arabidopsis thaliana (thale cress)"
"ath00603","Glycosphingolipid biosynthesis - globo and isoglobo series - Arabidopsis thaliana (thale cress)"
"ath00604","Glycosphingolipid biosynthesis - ganglio series - Arabidopsis thaliana (thale cress)"
"ath00511","Other glycan degradation - Arabidopsis thaliana (thale cress)"
"ath00540","Lipopolysaccharide biosynthesis - Arabidopsis thaliana (thale cress)"
"ath00543","Exopolysaccharide biosynthesis - Arabidopsis thaliana (thale cress)"
"ath00730","Thiamine metabolism - Arabidopsis thaliana (thale cress)"
"ath00740","Riboflavin metabolism - Arabidopsis thaliana (thale cress)"
"ath00750","Vitamin B6 metabolism - Arabidopsis thaliana (thale cress)"
"ath00760","Nicotinate and nicotinamide metabolism - Arabidopsis thaliana (thale cress)"
"ath00770","Pantothenate and CoA biosynthesis - Arabidopsis thaliana (thale cress)"
"ath00780","Biotin metabolism - Arabidopsis thaliana (thale cress)"
"ath00785","Lipoic acid metabolism - Arabidopsis thaliana (thale cress)"
"ath00790","Folate biosynthesis - Arabidopsis thaliana (thale cress)"
"ath00670","One carbon pool by folate - Arabidopsis thaliana (thale cress)"
"ath00860","Porphyrin metabolism - Arabidopsis thaliana (thale cress)"
"ath00130","Ubiquinone and other terpenoid-quinone biosynthesis - Arabidopsis thaliana (thale cress)"
"ath00900","Terpenoid backbone biosynthesis - Arabidopsis thaliana (thale cress)"
"ath00902","Monoterpenoid biosynthesis - Arabidopsis thaliana (thale cress)"
"ath00909","Sesquiterpenoid and triterpenoid biosynthesis - Arabidopsis thaliana (thale cress)"
"ath00904","Diterpenoid biosynthesis - Arabidopsis thaliana (thale cress)"
"ath00906","Carotenoid biosynthesis - Arabidopsis thaliana (thale cress)"
"ath00905","Brassinosteroid biosynthesis - Arabidopsis thaliana (thale cress)"
"ath00908","Zeatin biosynthesis - Arabidopsis thaliana (thale cress)"
"ath00940","Phenylpropanoid biosynthesis - Arabidopsis thaliana (thale cress)"
"ath00945","Stilbenoid, diarylheptanoid and gingerol biosynthesis - Arabidopsis thaliana (thale cress)"
"ath00941","Flavonoid biosynthesis - Arabidopsis thaliana (thale cress)"
"ath00944","Flavone and flavonol biosynthesis - Arabidopsis thaliana (thale cress)"
"ath00942","Anthocyanin biosynthesis - Arabidopsis thaliana (thale cress)"
"ath00901","Indole alkaloid biosynthesis - Arabidopsis thaliana (thale cress)"
"ath00950","Isoquinoline alkaloid biosynthesis - Arabidopsis thaliana (thale cress)"
"ath00960","Tropane, piperidine and pyridine alkaloid biosynthesis - Arabidopsis thaliana (thale cress)"
"ath00232","Caffeine metabolism - Arabidopsis thaliana (thale cress)"
"ath00965","Betalain biosynthesis - Arabidopsis thaliana (thale cress)"
"ath00966","Glucosinolate biosynthesis - Arabidopsis thaliana (thale cress)"
"ath00261","Monobactam biosynthesis - Arabidopsis thaliana (thale cress)"
"ath00999","Biosynthesis of various plant secondary metabolites - Arabidopsis thaliana (thale cress)"
"ath03020","RNA polymerase - Arabidopsis thaliana (thale cress)"
"ath03022","Basal transcription factors - Arabidopsis thaliana (thale cress)"
"ath03040","Spliceosome - Arabidopsis thaliana (thale cress)"
"ath03010","Ribosome - Arabidopsis thaliana (thale cress)"
"ath00970","Aminoacyl-tRNA biosynthesis - Arabidopsis thaliana (thale cress)"
"ath03013","Nucleocytoplasmic transport - Arabidopsis thaliana (thale cress)"
"ath03015","mRNA surveillance pathway - Arabidopsis thaliana (thale cress)"
"ath03008","Ribosome biogenesis in eukaryotes - Arabidopsis thaliana (thale cress)"
"ath03060","Protein export - Arabidopsis thaliana (thale cress)"
"ath04141","Protein processing in endoplasmic reticulum - Arabidopsis thaliana (thale cress)"
"ath04130","SNARE interactions in vesicular transport - Arabidopsis thaliana (thale cress)"
"ath04120","Ubiquitin mediated proteolysis - Arabidopsis thaliana (thale cress)"
"ath04122","Sulfur relay system - Arabidopsis thaliana (thale cress)"
"ath03050","Proteasome - Arabidopsis thaliana (thale cress)"
"ath03018","RNA degradation - Arabidopsis thaliana (thale cress)"
"ath03030","DNA replication - Arabidopsis thaliana (thale cress)"
"ath03410","Base excision repair - Arabidopsis thaliana (thale cress)"
"ath03420","Nucleotide excision repair - Arabidopsis thaliana (thale cress)"
"ath03430","Mismatch repair - Arabidopsis thaliana (thale cress)"
"ath03440","Homologous recombination - Arabidopsis thaliana (thale cress)"
"ath03450","Non-homologous end-joining - Arabidopsis thaliana (thale cress)"
"ath03460","Fanconi anemia pathway - Arabidopsis thaliana (thale cress)"
"ath03082","ATP-dependent chromatin remodeling - Arabidopsis thaliana (thale cress)"
"ath03083","Polycomb repressive complex - Arabidopsis thaliana (thale cress)"
"ath03250","Viral life cycle - HIV-1 - Arabidopsis thaliana (thale cress)"
"ath03272","Virion - Hepatitis viruses - Arabidopsis thaliana (thale cress)"
"ath02010","ABC transporters - Arabidopsis thaliana (thale cress)"
"ath04016","MAPK signaling pathway - plant - Arabidopsis thaliana (thale cress)"
"ath04070","Phosphatidylinositol signaling system - Arabidopsis thaliana (thale cress)"
"ath04075","Plant hormone signal transduction - Arabidopsis thaliana (thale cress)"
"ath04082","Neuroactive ligand signaling - Arabidopsis thaliana (thale cress)"
"ath04081","Hormone signaling - Arabidopsis thaliana (thale cress)"
"ath04517","IgSF CAM signaling - Arabidopsis thaliana (thale cress)"
"ath04518","Integrin signaling - Arabidopsis thaliana (thale cress)"
"ath04519","Cadherin signaling - Arabidopsis thaliana (thale cress)"
"ath04144","Endocytosis - Arabidopsis thaliana (thale cress)"
"ath04145","Phagosome - Arabidopsis thaliana (thale cress)"
"ath04142","Lysosome biogenesis - Arabidopsis thaliana (thale cress)"
"ath04146","Peroxisome - Arabidopsis thaliana (thale cress)"
"ath04136","Autophagy - other - Arabidopsis thaliana (thale cress)"
"ath04148","Efferocytosis - Arabidopsis thaliana (thale cress)"
"ath04814","Motor proteins - Arabidopsis thaliana (thale cress)"
"ath04820","Cytoskeleton in muscle cells - Arabidopsis thaliana (thale cress)"
"ath04620","Toll-like receptor signaling pathway - Arabidopsis thaliana (thale cress)"
"ath04981","Folate transport and metabolism - Arabidopsis thaliana (thale cress)"
"ath04382","Cornified envelope formation - Arabidopsis thaliana (thale cress)"
"ath04712","Circadian rhythm - plant - Arabidopsis thaliana (thale cress)"
"ath04626","Plant-pathogen interaction - Arabidopsis thaliana (thale cress)"
"ath05100","Bacterial invasion of epithelial cells - Arabidopsis thaliana (thale cress)"
